{
  "times": [
    6408130606494,
    6409510032037,
    6410858387962,
    6412229417122,
    6413573779428,
    6414941473631,
    6416283572623,
    6417651758258,
    6418994459290,
    6420362779837,
    6421701258970,
    6423066241515,
    6424404885805,
    6425769281804,
    6427106592840,
    6428470115145,
    6429806667017,
    6431170907359,
    6432508218974,
    6433871762772,
    6435207619517,
    6436570783089,
    6437905435152,
    6439269357842,
    6440605107668,
    6441969207381,
    6443302901624,
    6444666919508,
    6446000231723,
    6447365147508,
    6448697883713,
    6450061693601,
    6451392871108,
    6452757343574,
    6454088882466,
    6455451914187,
    6456782627997,
    6458145413350,
    6459476678829,
    6460839210025,
    6462169852700,
    6463535027977,
    6464864548295,
    6466229641736,
    6467558923396
  ],
  "results": {
    "sum": 59428.316902000006,
    "max": 1379.4255429999998,
    "min": 1329.2816599999999,
    "avg": 1320.629264488889
  }
}
